{"afghanistan":{"name":"\u0623\u0641\u063a\u0627\u0646\u0633\u062a\u0627\u0646","en_name":"Afghanistan","native_name":"\u0627\u0641\u063a\u0627\u0646\u0633\u062a\u0627\u0646","capital":"\u0643\u0627\u0628\u0648\u0644","en_capital":"Kabul","alpha_2":"AF","alpha_3":"AFG","phone_code":"93"},"\u00c5landislands":{"name":"\u062c\u0632\u0631 \u0622\u0644\u0627\u0646\u062f","en_name":"\u00c5land Islands","native_name":"\u00c5land","capital":"\u0645\u0627\u0631\u064a\u0647\u0627\u0645\u0646","en_capital":"Mariehamn","alpha_2":"AX","alpha_3":"ALA","phone_code":"358"},"albania":{"name":"\u0623\u0644\u0628\u0627\u0646\u064a\u0627","en_name":"Albania","native_name":"Shqip\u00ebria","capital":"\u062a\u064a\u0631\u0627\u0646\u0627","en_capital":"Tirana","alpha_2":"AL","alpha_3":"ALB","phone_code":"355"},"algeria":{"name":"\u0627\u0644\u062c\u0632\u0627\u0626\u0631","en_name":"Algeria","native_name":"\u0627\u0644\u062c\u0632\u0627\u0626\u0631","capital":"\u0627\u0644\u062c\u0632\u0627\u0626\u0631","en_capital":"Algiers","alpha_2":"DZ","alpha_3":"DZA","phone_code":"213"},"americansamoa":{"name":"\u0633\u0627\u0645\u0648\u0627 \u0627\u0644\u0623\u0645\u0631\u064a\u0643\u064a\u0629","en_name":"American Samoa","native_name":"American Samoa","capital":"\u0628\u0627\u062c\u0648 \u0628\u0627\u062c\u0648","en_capital":"Pago Pago","alpha_2":"AS","alpha_3":"ASM","phone_code":"1684"},"andorra":{"name":"\u0623\u0646\u062f\u0648\u0631\u0627","en_name":"Andorra","native_name":"Andorra","capital":"\u0623\u0646\u062f\u0648\u0631\u0627 \u0644\u0627 \u0641\u064a\u0644\u0627","en_capital":"Andorra la Vella","alpha_2":"AD","alpha_3":"AND","phone_code":"376"},"angola":{"name":"\u0623\u0646\u063a\u0648\u0644\u0627","en_name":"Angola","native_name":"Angola","capital":"\u0644\u0648\u0627\u0646\u062f\u0627","en_capital":"Luanda","alpha_2":"AO","alpha_3":"AGO","phone_code":"244"},"anguilla":{"name":"\u0623\u0646\u063a\u064a\u0644\u0627","en_name":"Anguilla","native_name":"Anguilla","capital":"\u0648\u0627\u062f\u064a","en_capital":"The Valley","alpha_2":"AI","alpha_3":"AIA","phone_code":"1264"},"antiguaandbarbuda":{"name":"\u0623\u0646\u062a\u064a\u063a\u0648\u0627 \u0648\u0628\u0631\u0628\u0648\u062f\u0627","en_name":"Antigua and Barbuda","native_name":"Antigua and Barbuda","capital":"\u0633\u0627\u0646\u062a \u062c\u0648\u0646","en_capital":"Saint John's","alpha_2":"AG","alpha_3":"ATG","phone_code":"1268"},"argentina":{"name":"\u0627\u0644\u0623\u0631\u062c\u0646\u062a\u064a\u0646","en_name":"Argentina","native_name":"Argentina","capital":"\u0628\u0648\u064a\u0646\u0633 \u0622\u064a\u0631\u0633","en_capital":"Buenos Aires","alpha_2":"AR","alpha_3":"ARG","phone_code":"54"},"armenia":{"name":"\u0623\u0631\u0645\u064a\u0646\u064a\u0627","en_name":"Armenia","native_name":"\u0540\u0561\u0575\u0561\u057d\u057f\u0561\u0576","capital":"\u064a\u0631\u064a\u0641\u0627\u0646","en_capital":"Yerevan","alpha_2":"AM","alpha_3":"ARM","phone_code":"374"},"aruba":{"name":"\u0623\u0631\u0648\u0628\u0627","en_name":"Aruba","native_name":"Aruba","capital":"\u0627\u0648\u0631\u0627\u0646\u062c\u0633\u062a\u0627\u062f","en_capital":"Oranjestad","alpha_2":"AW","alpha_3":"ABW","phone_code":"297"},"australia":{"name":"\u0623\u0633\u062a\u0631\u0627\u0644\u064a\u0627","en_name":"Australia","native_name":"Australia","capital":"\u0643\u0627\u0646\u0628\u064a\u0631\u0627","en_capital":"Canberra","alpha_2":"AU","alpha_3":"AUS","phone_code":"61"},"austria":{"name":"\u0627\u0644\u0646\u0645\u0633\u0627","en_name":"Austria","native_name":"\u00d6sterreich","capital":"\u0641\u064a\u064a\u0646\u0627","en_capital":"Vienna","alpha_2":"AT","alpha_3":"AUT","phone_code":"43"},"azerbaijan":{"name":"\u0623\u0630\u0631\u0628\u064a\u062c\u0627\u0646","en_name":"Azerbaijan","native_name":"Az\u0259rbaycan","capital":"\u0628\u0627\u0643\u0648","en_capital":"Baku","alpha_2":"AZ","alpha_3":"AZE","phone_code":"994"},"thebahamas":{"name":"\u062c\u0632\u0631 \u0627\u0644\u0628\u0647\u0627\u0645\u0627","en_name":"The Bahamas","native_name":"Bahamas","capital":"\u0646\u0627\u0633\u0648","en_capital":"Nassau","alpha_2":"BS","alpha_3":"BHS","phone_code":"1242"},"bahrain":{"name":"\u0627\u0644\u0628\u062d\u0631\u064a\u0646","en_name":"Bahrain","native_name":"\u200f\u0627\u0644\u0628\u062d\u0631\u064a\u0646","capital":"\u0627\u0644\u0645\u0646\u0627\u0645\u0629","en_capital":"Manama","alpha_2":"BH","alpha_3":"BHR","phone_code":"973"},"bangladesh":{"name":"\u0628\u0646\u063a\u0644\u0627\u062f\u064a\u0634","en_name":"Bangladesh","native_name":"Bangladesh","capital":"\u062f\u0643\u0627","en_capital":"Dhaka","alpha_2":"BD","alpha_3":"BGD","phone_code":"880"},"barbados":{"name":"\u0628\u0631\u0628\u0627\u062f\u0648\u0633","en_name":"Barbados","native_name":"Barbados","capital":"\u0628\u0631\u064a\u062f\u062c\u062a\u0627\u0648\u0646","en_capital":"Bridgetown","alpha_2":"BB","alpha_3":"BRB","phone_code":"1246"},"belarus":{"name":"\u0628\u064a\u0644\u0627\u0631\u0648\u0633","en_name":"Belarus","native_name":"\u0411\u0435\u043b\u0430\u0440\u0443\u0301\u0441\u044c","capital":"\u0645\u064a\u0646\u0633\u0643","en_capital":"Minsk","alpha_2":"BY","alpha_3":"BLR","phone_code":"375"},"belgium":{"name":"\u0628\u0644\u062c\u064a\u0643\u0627","en_name":"Belgium","native_name":"Belgi\u00eb","capital":"\u0628\u0631\u0648\u0643\u0633\u0644","en_capital":"Brussels","alpha_2":"BE","alpha_3":"BEL","phone_code":"32"},"belize":{"name":"\u0628\u0644\u064a\u0632","en_name":"Belize","native_name":"Belize","capital":"\u0628\u0644\u0645\u0648\u0628\u0627\u0646","en_capital":"Belmopan","alpha_2":"BZ","alpha_3":"BLZ","phone_code":"501"},"benin":{"name":"\u0628\u0646\u0646","en_name":"Benin","native_name":"B\u00e9nin","capital":"\u0628\u0648\u0631\u062a\u0648 \u0646\u0648\u0641\u0648","en_capital":"Porto-Novo","alpha_2":"BJ","alpha_3":"BEN","phone_code":"229"},"bermuda":{"name":"\u0628\u0631\u0645\u0648\u062f\u0627","en_name":"Bermuda","native_name":"Bermuda","capital":"\u0647\u0627\u0645\u064a\u0644\u062a\u0648\u0646","en_capital":"Hamilton","alpha_2":"BM","alpha_3":"BMU","phone_code":"1441"},"bhutan":{"name":"\u0628\u0648\u062a\u0627\u0646","en_name":"Bhutan","native_name":"\u02bcbrug-yul","capital":"\u062a\u064a\u0645\u0641\u0648","en_capital":"Thimphu","alpha_2":"BT","alpha_3":"BTN","phone_code":"975"},"bolivia":{"name":"\u0628\u0648\u0644\u064a\u0641\u064a\u0627","en_name":"Bolivia","native_name":"Bolivia","capital":"\u0633\u0648\u0643\u0631\u064a","en_capital":"Sucre","alpha_2":"BO","alpha_3":"BOL","phone_code":"591"},"bonaire":{"name":"\u0628\u0648\u0646\u064a\u0631","en_name":"Bonaire","native_name":"Bonaire","capital":"\u0643\u0631\u0627\u0644\u0646\u062f\u064a\u062c\u0643","en_capital":"Kralendijk","alpha_2":"BQ","alpha_3":"BES","phone_code":"5997"},"botswana":{"name":"\u0628\u0648\u062a\u0633\u0648\u0627\u0646\u0627","en_name":"Botswana","native_name":"Botswana","capital":"\u063a\u0627\u0628\u0648\u0631\u0648\u0646","en_capital":"Gaborone","alpha_2":"BW","alpha_3":"BWA","phone_code":"267"},"brazil":{"name":"\u0627\u0644\u0628\u0631\u0627\u0632\u064a\u0644","en_name":"Brazil","native_name":"Brasil","capital":"\u0628\u0631\u0627\u0632\u064a\u0644\u064a\u0627","en_capital":"Bras\u00edlia","alpha_2":"BR","alpha_3":"BRA","phone_code":"55"},"britishindianoceanterritory":{"name":"\u0625\u0642\u0644\u064a\u0645 \u0627\u0644\u0645\u062d\u064a\u0637 \u0627\u0644\u0647\u0646\u062f\u064a \u0627\u0644\u0628\u0631\u064a\u0637\u0627\u0646\u064a","en_name":"British Indian Ocean Territory","native_name":"British Indian Ocean Territory","capital":"\u062f\u064a\u064a\u063a\u0648 \u063a\u0627\u0631\u0633\u064a\u0627","en_capital":"Diego Garcia","alpha_2":"IO","alpha_3":"IOT","phone_code":"246"},"britishvirginislands":{"name":"\u062c\u0632\u0631 \u0641\u064a\u0631\u062c\u0646 \u0627\u0644\u0628\u0631\u064a\u0637\u0627\u0646\u064a\u0629","en_name":"British Virgin Islands","native_name":"British Virgin Islands","capital":"\u0631\u0648\u062f \u062a\u0627\u0648\u0646","en_capital":"Road Town","alpha_2":"VG","alpha_3":"VGB","phone_code":"1284"},"brunei":{"name":"\u0628\u0631\u0648\u0646\u0627\u064a","en_name":"Brunei","native_name":"Negara Brunei Darussalam","capital":"\u0628\u0646\u062f\u0631 \u0633\u064a\u0631\u064a \u0628\u064a\u063a\u0627\u0648\u0627\u0646","en_capital":"Bandar Seri Begawan","alpha_2":"BN","alpha_3":"BRN","phone_code":"673"},"bulgaria":{"name":"\u0628\u0644\u063a\u0627\u0631\u064a\u0627","en_name":"Bulgaria","native_name":"\u0411\u044a\u043b\u0433\u0430\u0440\u0438\u044f","capital":"\u0635\u0648\u0641\u064a\u0627","en_capital":"Sofia","alpha_2":"BG","alpha_3":"BGR","phone_code":"359"},"burkinafaso":{"name":"\u0628\u0648\u0631\u0643\u064a\u0646\u0627 \u0641\u0627\u0633\u0648","en_name":"Burkina Faso","native_name":"Burkina Faso","capital":"\u0648\u0627\u063a\u0627\u062f\u0648\u063a\u0648","en_capital":"Ouagadougou","alpha_2":"BF","alpha_3":"BFA","phone_code":"226"},"burundi":{"name":"\u0628\u0648\u0631\u0648\u0646\u062f\u064a","en_name":"Burundi","native_name":"Burundi","capital":"\u0628\u0648\u062c\u0648\u0645\u0628\u0648\u0631\u0627","en_capital":"Bujumbura","alpha_2":"BI","alpha_3":"BDI","phone_code":"257"},"cambodia":{"name":"\u0643\u0645\u0628\u0648\u062f\u064a\u0627","en_name":"Cambodia","native_name":"K\u00e2mp\u016dch\u00e9a","capital":"\u0628\u0646\u0648\u0645 \u0628\u0646\u0647","en_capital":"Phnom Penh","alpha_2":"KH","alpha_3":"KHM","phone_code":"855"},"cameroon":{"name":"\u0627\u0644\u0643\u0627\u0645\u064a\u0631\u0648\u0646","en_name":"Cameroon","native_name":"Cameroon","capital":"\u064a\u0627\u0648\u0646\u062f\u064a","en_capital":"Yaound\u00e9","alpha_2":"CM","alpha_3":"CMR","phone_code":"237"},"canada":{"name":"\u0643\u0646\u062f\u0627","en_name":"Canada","native_name":"Canada","capital":"\u0623\u0648\u062a\u0627\u0648\u0627","en_capital":"Ottawa","alpha_2":"CA","alpha_3":"CAN","phone_code":"1"},"capeverde":{"name":"\u0627\u0644\u0631\u0623\u0633 \u0627\u0644\u0623\u062e\u0636\u0631","en_name":"Cape Verde","native_name":"Cabo Verde","capital":"\u0628\u0631\u0627\u064a\u0627","en_capital":"Praia","alpha_2":"CV","alpha_3":"CPV","phone_code":"238"},"caymanislands":{"name":"\u062c\u0632\u0631 \u0643\u0627\u064a\u0645\u0627\u0646","en_name":"Cayman Islands","native_name":"Cayman Islands","capital":"\u062c\u0648\u0631\u062c \u062a\u0627\u0648\u0646","en_capital":"George Town","alpha_2":"KY","alpha_3":"CYM","phone_code":"1345"},"centralafricanrepublic":{"name":"\u062c\u0645\u0647\u0648\u0631\u064a\u0629 \u0623\u0641\u0631\u064a\u0642\u064a\u0627 \u0627\u0644\u0648\u0633\u0637\u0649","en_name":"Central African Republic","native_name":"K\u00f6d\u00f6r\u00f6s\u00ease t\u00ee B\u00eaafr\u00eeka","capital":"\u0628\u0627\u0646\u063a\u064a","en_capital":"Bangui","alpha_2":"CF","alpha_3":"CAF","phone_code":"236"},"chad":{"name":"\u062a\u0634\u0627\u062f","en_name":"Chad","native_name":"Tchad","capital":"\u0646\u062c\u0627\u0645\u064a\u0646\u0627","en_capital":"N'Djamena","alpha_2":"TD","alpha_3":"TCD","phone_code":"235"},"chile":{"name":"\u0634\u064a\u0644\u064a","en_name":"Chile","native_name":"Chile","capital":"\u0633\u0627\u0646\u062a\u064a\u0627\u063a\u0648","en_capital":"Santiago","alpha_2":"CL","alpha_3":"CHL","phone_code":"56"},"china":{"name":"\u0627\u0644\u0635\u064a\u0646","en_name":"China","native_name":"\u4e2d\u56fd","capital":"\u0628\u0643\u064a\u0646","en_capital":"Beijing","alpha_2":"CN","alpha_3":"CHN","phone_code":"86"},"christmasisland":{"name":"\u062c\u0632\u064a\u0631\u0629 \u0639\u064a\u062f \u0627\u0644\u0645\u064a\u0644\u0627\u062f","en_name":"Christmas Island","native_name":"Christmas Island","capital":"\u0630\u064a \u0633\u064a\u062a\u0644\u0645\u0646\u062a","en_capital":"Flying Fish Cove","alpha_2":"CX","alpha_3":"CXR","phone_code":"61"},"cocos(keeling)islands":{"name":"\u0643\u0648\u0643\u0648\u0633 (\u0643\u064a\u0644\u064a\u0646\u063a \u062c\u0632\u0631","en_name":"Cocos (Keeling) Islands","native_name":"Cocos (Keeling) Islands","capital":"\u063a\u0631\u0628 \u0627\u0644\u062c\u0632\u064a\u0631\u0629","en_capital":"West Island","alpha_2":"CC","alpha_3":"CCK","phone_code":"61"},"colombia":{"name":"\u0643\u0648\u0644\u0648\u0645\u0628\u064a\u0627","en_name":"Colombia","native_name":"Colombia","capital":"\u0628\u0648\u063a\u0648\u062a\u0627","en_capital":"Bogot\u00e1","alpha_2":"CO","alpha_3":"COL","phone_code":"57"},"comoros":{"name":"\u062c\u0632\u0631 \u0627\u0644\u0642\u0645\u0631","en_name":"Comoros","native_name":"Komori","capital":"\u0645\u0648\u0631\u0648\u0646\u064a","en_capital":"Moroni","alpha_2":"KM","alpha_3":"COM","phone_code":"269"},"republicofthecongo":{"name":"\u062c\u0645\u0647\u0648\u0631\u064a\u0629 \u0627\u0644\u0643\u0648\u0646\u063a\u0648","en_name":"Republic of the Congo","native_name":"R\u00e9publique du Congo","capital":"\u0628\u0631\u0627\u0632\u0627\u0641\u064a\u0644","en_capital":"Brazzaville","alpha_2":"CG","alpha_3":"COG","phone_code":"242"},"democraticrepublicofthecongo":{"name":"\u062c\u0645\u0647\u0648\u0631\u064a\u0629 \u0627\u0644\u0643\u0648\u0646\u063a\u0648 \u0627\u0644\u062f\u064a\u0645\u0642\u0631\u0627\u0637\u064a\u0629","en_name":"Democratic Republic of the Congo","native_name":"R\u00e9publique d\u00e9mocratique du Congo","capital":"\u0643\u064a\u0646\u0634\u0627\u0633\u0627","en_capital":"Kinshasa","alpha_2":"CD","alpha_3":"COD","phone_code":"243"},"cookislands":{"name":"\u062c\u0632\u0631 \u0643\u0648\u0643","en_name":"Cook Islands","native_name":"Cook Islands","capital":"\u0623\u0641\u0627\u0631\u0648\u0627","en_capital":"Avarua","alpha_2":"CK","alpha_3":"COK","phone_code":"682"},"costarica":{"name":"\u0643\u0648\u0633\u062a\u0627\u0631\u064a\u0643\u0627","en_name":"Costa Rica","native_name":"Costa Rica","capital":"\u0633\u0627\u0646 \u062e\u0648\u0633\u064a\u0647","en_capital":"San Jos\u00e9","alpha_2":"CR","alpha_3":"CRI","phone_code":"506"},"croatia":{"name":"\u0643\u0631\u0648\u0627\u062a\u064a\u0627","en_name":"Croatia","native_name":"Hrvatska","capital":"\u0632\u063a\u0631\u0628","en_capital":"Zagreb","alpha_2":"HR","alpha_3":"HRV","phone_code":"385"},"cuba":{"name":"\u0643\u0648\u0628\u0627","en_name":"Cuba","native_name":"Cuba","capital":"\u0647\u0627\u0641\u0627\u0646\u0627","en_capital":"Havana","alpha_2":"CU","alpha_3":"CUB","phone_code":"53"},"cura\u00e7ao":{"name":"\u0643\u0648\u0631\u0627\u0633\u0627\u0648","en_name":"Cura\u00e7ao","native_name":"Cura\u00e7ao","capital":"\u0648\u0644\u064a\u0645\u0633\u062a\u0627\u062f","en_capital":"Willemstad","alpha_2":"CW","alpha_3":"CUW","phone_code":"5999"},"cyprus":{"name":"\u0642\u0628\u0631\u0635","en_name":"Cyprus","native_name":"\u039a\u03cd\u03c0\u03c1\u03bf\u03c2","capital":"\u0646\u064a\u0642\u0648\u0633\u064a\u0627","en_capital":"Nicosia","alpha_2":"CY","alpha_3":"CYP","phone_code":"357"},"czechrepublic":{"name":"\u0627\u0644\u062c\u0645\u0647\u0648\u0631\u064a\u0629 \u0627\u0644\u062a\u0634\u064a\u0643\u064a\u0629","en_name":"Czech Republic","native_name":"\u010cesk\u00e1 republika","capital":"\u0628\u0631\u0627\u063a","en_capital":"Prague","alpha_2":"CZ","alpha_3":"CZE","phone_code":"420"},"denmark":{"name":"\u0627\u0644\u062f\u0627\u0646\u0645\u0631\u0643","en_name":"Denmark","native_name":"Danmark","capital":"\u0643\u0648\u0628\u0646\u0647\u0627\u063a\u0646","en_capital":"Copenhagen","alpha_2":"DK","alpha_3":"DNK","phone_code":"45"},"djibouti":{"name":"\u062c\u064a\u0628\u0648\u062a\u064a","en_name":"Djibouti","native_name":"Djibouti","capital":"\u062c\u064a\u0628\u0648\u062a\u064a","en_capital":"Djibouti","alpha_2":"DJ","alpha_3":"DJI","phone_code":"253"},"dominica":{"name":"\u062f\u0648\u0645\u064a\u0646\u064a\u0643\u0627","en_name":"Dominica","native_name":"Dominica","capital":"\u0631\u0648\u0632\u064a\u0648","en_capital":"Roseau","alpha_2":"DM","alpha_3":"DMA","phone_code":"1767"},"dominicanrepublic":{"name":"\u0627\u0644\u062c\u0645\u0647\u0648\u0631\u064a\u0629 \u0627\u0644\u062f\u0648\u0645\u064a\u0646\u064a\u0643\u064a\u0629","en_name":"Dominican Republic","native_name":"Rep\u00fablica Dominicana","capital":"\u0633\u0627\u0646\u062a\u0648 \u062f\u0648\u0645\u064a\u0646\u063a\u0648","en_capital":"Santo Domingo","alpha_2":"DO","alpha_3":"DOM","phone_code":"1809"},"ecuador":{"name":"\u0625\u0643\u0648\u0627\u062f\u0648\u0631","en_name":"Ecuador","native_name":"Ecuador","capital":"\u0643\u064a\u062a\u0648","en_capital":"Quito","alpha_2":"EC","alpha_3":"ECU","phone_code":"593"},"egypt":{"name":"\u0645\u0635\u0631","en_name":"Egypt","native_name":"\u0645\u0635\u0631\u200e","capital":"\u0627\u0644\u0642\u0627\u0647\u0631\u0629","en_capital":"Cairo","alpha_2":"EG","alpha_3":"EGY","phone_code":"20"},"elsalvador":{"name":"\u0627\u0644\u0633\u0644\u0641\u0627\u062f\u0648\u0631","en_name":"El Salvador","native_name":"El Salvador","capital":"\u0633\u0627\u0646 \u0633\u0644\u0641\u0627\u062f\u0648\u0631","en_capital":"San Salvador","alpha_2":"SV","alpha_3":"SLV","phone_code":"503"},"equatorialguinea":{"name":"\u063a\u064a\u0646\u064a\u0627 \u0627\u0644\u0627\u0633\u062a\u0648\u0627\u0626\u064a\u0629","en_name":"Equatorial Guinea","native_name":"Guinea Ecuatorial","capital":"\u0645\u0627\u0644\u0627\u0628\u0648","en_capital":"Malabo","alpha_2":"GQ","alpha_3":"GNQ","phone_code":"240"},"eritrea":{"name":"\u0625\u0631\u064a\u062a\u0631\u064a\u0627","en_name":"Eritrea","native_name":"\u12a4\u122d\u1275\u122b","capital":"\u0623\u0633\u0645\u0631\u0629","en_capital":"Asmara","alpha_2":"ER","alpha_3":"ERI","phone_code":"291"},"estonia":{"name":"\u0625\u0633\u062a\u0648\u0646\u064a\u0627","en_name":"Estonia","native_name":"Eesti","capital":"\u062a\u0627\u0644\u064a\u0646","en_capital":"Tallinn","alpha_2":"EE","alpha_3":"EST","phone_code":"372"},"ethiopia":{"name":"\u0625\u062b\u064a\u0648\u0628\u064a\u0627","en_name":"Ethiopia","native_name":"\u12a2\u1275\u12ee\u1335\u12eb","capital":"\u0623\u062f\u064a\u0633 \u0623\u0628\u0627\u0628\u0627","en_capital":"Addis Ababa","alpha_2":"ET","alpha_3":"ETH","phone_code":"251"},"falklandislands":{"name":"\u062c\u0632\u0631 \u0641\u0648\u0643\u0644\u0627\u0646\u062f","en_name":"Falkland Islands","native_name":"Falkland Islands","capital":"\u0633\u062a\u0627\u0646\u0644\u064a","en_capital":"Stanley","alpha_2":"FK","alpha_3":"FLK","phone_code":"500"},"faroeislands":{"name":"\u062c\u0632\u0631 \u0641\u0627\u0631\u0648","en_name":"Faroe Islands","native_name":"F\u00f8royar","capital":"\u062a\u0648\u0631\u0634\u0627\u0641\u0646","en_capital":"T\u00f3rshavn","alpha_2":"FO","alpha_3":"FRO","phone_code":"298"},"fiji":{"name":"\u0641\u064a\u062c\u064a","en_name":"Fiji","native_name":"Fiji","capital":"\u0633\u0648\u0641\u0627","en_capital":"Suva","alpha_2":"FJ","alpha_3":"FJI","phone_code":"679"},"finland":{"name":"\u0641\u0646\u0644\u0646\u062f\u0627","en_name":"Finland","native_name":"Suomi","capital":"\u0647\u0644\u0633\u0646\u0643\u064a","en_capital":"Helsinki","alpha_2":"FI","alpha_3":"FIN","phone_code":"358"},"france":{"name":"\u0641\u0631\u0646\u0633\u0627","en_name":"France","native_name":"France","capital":"\u0628\u0627\u0631\u064a\u0633","en_capital":"Paris","alpha_2":"FR","alpha_3":"FRA","phone_code":"33"},"frenchguiana":{"name":"\u063a\u0648\u064a\u0627\u0646\u0627 \u0627\u0644\u0641\u0631\u0646\u0633\u064a\u0629","en_name":"French Guiana","native_name":"Guyane fran\u00e7aise","capital":"\u0643\u0627\u064a\u064a\u0646","en_capital":"Cayenne","alpha_2":"GF","alpha_3":"GUF","phone_code":"594"},"frenchpolynesia":{"name":"\u0628\u0648\u0644\u064a\u0646\u064a\u0632\u064a\u0627 \u0627\u0644\u0641\u0631\u0646\u0633\u064a\u0629","en_name":"French Polynesia","native_name":"Polyn\u00e9sie fran\u00e7aise","capital":"Papeet\u0113","en_capital":"Papeet\u0113","alpha_2":"PF","alpha_3":"PYF","phone_code":"689"},"frenchsouthernandantarcticlands":{"name":"\u0627\u0644\u0623\u0631\u0627\u0636\u064a \u0627\u0644\u0641\u0631\u0646\u0633\u064a\u0629 \u0627\u0644\u062c\u0646\u0648\u0628\u064a\u0629 \u0648\u0627\u0644\u0642\u0637\u0628\u064a\u0629 \u0627\u0644\u062c\u0646\u0648\u0628\u064a\u0629","en_name":"French Southern and Antarctic Lands","native_name":"Territoire des Terres australes et antarctiques fran\u00e7aises","capital":"\u0628\u0648\u0631\u062a-\u0627\u0648\u0643\u0633-\u0641\u0631\u0627\u0646\u0643\u0627\u064a\u0633","en_capital":"Port-aux-Fran\u00e7ais","alpha_2":"TF","alpha_3":"ATF","phone_code":"262"},"gabon":{"name":"\u063a\u0627\u0628\u0648\u0646","en_name":"Gabon","native_name":"Gabon","capital":"\u0644\u064a\u0628\u0631\u0641\u064a\u0644","en_capital":"Libreville","alpha_2":"GA","alpha_3":"GAB","phone_code":"241"},"thegambia":{"name":"\u063a\u0627\u0645\u0628\u064a\u0627","en_name":"The Gambia","native_name":"Gambia","capital":"\u0628\u0627\u0646\u062c\u0648\u0644","en_capital":"Banjul","alpha_2":"GM","alpha_3":"GMB","phone_code":"220"},"georgia":{"name":"\u062c\u0648\u0631\u062c\u064a\u0627","en_name":"Georgia","native_name":"\u10e1\u10d0\u10e5\u10d0\u10e0\u10d7\u10d5\u10d4\u10da\u10dd","capital":"\u062a\u0628\u0644\u064a\u0633\u064a","en_capital":"Tbilisi","alpha_2":"GE","alpha_3":"GEO","phone_code":"995"},"germany":{"name":"\u0623\u0644\u0645\u0627\u0646\u064a\u0627","en_name":"Germany","native_name":"Deutschland","capital":"\u0628\u0631\u0644\u064a\u0646","en_capital":"Berlin","alpha_2":"DE","alpha_3":"DEU","phone_code":"49"},"ghana":{"name":"\u063a\u0627\u0646\u0627","en_name":"Ghana","native_name":"Ghana","capital":"\u0623\u0643\u0631\u0627","en_capital":"Accra","alpha_2":"GH","alpha_3":"GHA","phone_code":"233"},"gibraltar":{"name":"\u0637\u0627\u0631\u0642","en_name":"Gibraltar","native_name":"Gibraltar","capital":"\u0637\u0627\u0631\u0642","en_capital":"Gibraltar","alpha_2":"GI","alpha_3":"GIB","phone_code":"350"},"greece":{"name":"\u0627\u0644\u064a\u0648\u0646\u0627\u0646","en_name":"Greece","native_name":"\u0395\u03bb\u03bb\u03ac\u03b4\u03b1","capital":"\u0623\u062b\u064a\u0646\u0627","en_capital":"Athens","alpha_2":"GR","alpha_3":"GRC","phone_code":"30"},"greenland":{"name":"\u063a\u0631\u064a\u0646\u0644\u0627\u0646\u062f","en_name":"Greenland","native_name":"Kalaallit Nunaat","capital":"\u0646\u0648\u0643","en_capital":"Nuuk","alpha_2":"GL","alpha_3":"GRL","phone_code":"299"},"grenada":{"name":"\u063a\u0631\u064a\u0646\u0627\u062f\u0627","en_name":"Grenada","native_name":"Grenada","capital":"\u0633\u0627\u0646\u062a \u062c\u0648\u0631\u062c","en_capital":"St. George's","alpha_2":"GD","alpha_3":"GRD","phone_code":"1473"},"guadeloupe":{"name":"\u063a\u0648\u0627\u062f\u0644\u0648\u0628","en_name":"Guadeloupe","native_name":"Guadeloupe","capital":"\u0628\u0627\u0633-\u062a\u064a\u0631","en_capital":"Basse-Terre","alpha_2":"GP","alpha_3":"GLP","phone_code":"590"},"guam":{"name":"\u063a\u0648\u0627\u0645","en_name":"Guam","native_name":"Guam","capital":"\u0647\u0627\u063a\u0627\u062a\u0646\u0627","en_capital":"Hag\u00e5t\u00f1a","alpha_2":"GU","alpha_3":"GUM","phone_code":"1671"},"guatemala":{"name":"\u063a\u0648\u0627\u062a\u064a\u0645\u0627\u0644\u0627","en_name":"Guatemala","native_name":"Guatemala","capital":"\u0645\u062f\u064a\u0646\u0629 \u063a\u0648\u0627\u062a\u064a\u0645\u0627\u0644\u0627","en_capital":"Guatemala City","alpha_2":"GT","alpha_3":"GTM","phone_code":"502"},"guernsey":{"name":"\u063a\u064a\u0631\u0646\u0633\u064a","en_name":"Guernsey","native_name":"Guernsey","capital":"\u0633\u0627\u0646\u062a \u0628\u064a\u062a\u0631 \u0628\u0648\u0631\u062a","en_capital":"St. Peter Port","alpha_2":"GG","alpha_3":"GGY","phone_code":"44"},"guinea":{"name":"\u063a\u064a\u0646\u064a\u0627","en_name":"Guinea","native_name":"Guin\u00e9e","capital":"\u0643\u0648\u0646\u0627\u0643\u0631\u064a","en_capital":"Conakry","alpha_2":"GN","alpha_3":"GIN","phone_code":"224"},"guineabissau":{"name":"\u063a\u064a\u0646\u064a\u0627-\u0628\u064a\u0633\u0627\u0648","en_name":"Guinea-Bissau","native_name":"Guin\u00e9-Bissau","capital":"\u0628\u064a\u0633\u0627\u0648","en_capital":"Bissau","alpha_2":"GW","alpha_3":"GNB","phone_code":"245"},"guyana":{"name":"\u063a\u064a\u0627\u0646\u0627","en_name":"Guyana","native_name":"Guyana","capital":"\u062c\u0648\u0631\u062c \u062a\u0627\u0648\u0646","en_capital":"Georgetown","alpha_2":"GY","alpha_3":"GUY","phone_code":"592"},"haiti":{"name":"\u0647\u0627\u064a\u062a\u064a","en_name":"Haiti","native_name":"Ha\u00efti","capital":"Port-au-Prince","en_capital":"Port-au-Prince","alpha_2":"HT","alpha_3":"HTI","phone_code":"509"},"honduras":{"name":"\u0647\u0646\u062f\u0648\u0631\u0627\u0633","en_name":"Honduras","native_name":"Honduras","capital":"\u062a\u064a\u063a\u0648\u0633\u064a\u063a\u0627\u0644\u0628\u0627","en_capital":"Tegucigalpa","alpha_2":"HN","alpha_3":"HND","phone_code":"504"},"hongkong":{"name":"\u0647\u0648\u0646\u063a \u0643\u0648\u0646\u063a","en_name":"Hong Kong","native_name":"\u9999\u6e2f","capital":"\u0645\u062f\u064a\u0646\u0629 \u0641\u064a\u0643\u062a\u0648\u0631\u064a\u0627","en_capital":"City of Victoria","alpha_2":"HK","alpha_3":"HKG","phone_code":"852"},"hungary":{"name":"\u0647\u0646\u063a\u0627\u0631\u064a\u0627","en_name":"Hungary","native_name":"Magyarorsz\u00e1g","capital":"\u0628\u0648\u062f\u0627\u0628\u0633\u062a","en_capital":"Budapest","alpha_2":"HU","alpha_3":"HUN","phone_code":"36"},"iceland":{"name":"\u0623\u064a\u0633\u0644\u0646\u062f\u0627","en_name":"Iceland","native_name":"\u00cdsland","capital":"\u0631\u064a\u0643\u064a\u0627\u0641\u064a\u0643","en_capital":"Reykjavik","alpha_2":"IS","alpha_3":"ISL","phone_code":"354"},"india":{"name":"\u0627\u0644\u0647\u0646\u062f","en_name":"India","native_name":"\u092d\u093e\u0930\u0924","capital":"\u0646\u064a\u0648\u062f\u0644\u0647\u064a","en_capital":"New Delhi","alpha_2":"IN","alpha_3":"IND","phone_code":"91"},"indonesia":{"name":"\u0625\u0646\u062f\u0648\u0646\u064a\u0633\u064a\u0627","en_name":"Indonesia","native_name":"Indonesia","capital":"\u062c\u0627\u0643\u0631\u062a\u0627","en_capital":"Jakarta","alpha_2":"ID","alpha_3":"IDN","phone_code":"62"},"ivorycoast":{"name":"\u0633\u0627\u062d\u0644 \u0627\u0644\u0639\u0627\u062c","en_name":"Ivory Coast","native_name":"C\u00f4te d'Ivoire","capital":"\u064a\u0627\u0645\u0648\u0633\u0648\u0643\u0631\u0648","en_capital":"Yamoussoukro","alpha_2":"CI","alpha_3":"CIV","phone_code":"225"},"iran":{"name":"\u0625\u064a\u0631\u0627\u0646","en_name":"Iran","native_name":"Ir\u0101n","capital":"\u0637\u0647\u0631\u0627\u0646","en_capital":"Tehran","alpha_2":"IR","alpha_3":"IRN","phone_code":"98"},"iraq":{"name":"\u0627\u0644\u0639\u0631\u0627\u0642","en_name":"Iraq","native_name":"\u0627\u0644\u0639\u0631\u0627\u0642","capital":"\u0628\u063a\u062f\u0627\u062f","en_capital":"Baghdad","alpha_2":"IQ","alpha_3":"IRQ","phone_code":"964"},"republicofireland":{"name":"\u062c\u0645\u0647\u0648\u0631\u064a\u0629 \u0623\u064a\u0631\u0644\u0646\u062f\u0627","en_name":"Republic of Ireland","native_name":"\u00c9ire","capital":"\u062f\u0628\u0644\u0646","en_capital":"Dublin","alpha_2":"IE","alpha_3":"IRL","phone_code":"353"},"isleofman":{"name":"\u0645\u0627\u0646","en_name":"Isle of Man","native_name":"Isle of Man","capital":"\u062f\u0648\u063a\u0644\u0627\u0633","en_capital":"Douglas","alpha_2":"IM","alpha_3":"IMN","phone_code":"44"},"israel":{"name":"\u0625\u0633\u0631\u0627\u0626\u064a\u0644","en_name":"Israel","native_name":"\u05d9\u05b4\u05e9\u05b0\u05c2\u05e8\u05b8\u05d0\u05b5\u05dc","capital":"\u062a\u0644 \u0623\u0628\u064a\u0628","en_capital":"Tel Aviv","alpha_2":"IL","alpha_3":"ISR","phone_code":"972"},"italy":{"name":"\u0625\u064a\u0637\u0627\u0644\u064a\u0627","en_name":"Italy","native_name":"Italia","capital":"\u0631\u0648\u0645\u0627","en_capital":"Rome","alpha_2":"IT","alpha_3":"ITA","phone_code":"39"},"jamaica":{"name":"\u062c\u0627\u0645\u0627\u064a\u0643\u0627","en_name":"Jamaica","native_name":"Jamaica","capital":"\u0643\u064a\u0646\u063a\u0633\u062a\u0648\u0646","en_capital":"Kingston","alpha_2":"JM","alpha_3":"JAM","phone_code":"1876"},"japan":{"name":"\u0627\u0644\u064a\u0627\u0628\u0627\u0646","en_name":"Japan","native_name":"\u65e5\u672c","capital":"\u0637\u0648\u0643\u064a\u0648","en_capital":"Tokyo","alpha_2":"JP","alpha_3":"JPN","phone_code":"81"},"jordan":{"name":"\u0627\u0644\u0623\u0631\u062f\u0646","en_name":"Jordan","native_name":"\u0627\u0644\u0623\u0631\u062f\u0646","capital":"\u0639\u0645\u0627\u0646","en_capital":"Amman","alpha_2":"JO","alpha_3":"JOR","phone_code":"962"},"kazakhstan":{"name":"\u0643\u0627\u0632\u0627\u062e\u0633\u062a\u0627\u0646","en_name":"Kazakhstan","native_name":"\u049a\u0430\u0437\u0430\u049b\u0441\u0442\u0430\u043d","capital":"\u0623\u0633\u062a\u0627\u0646\u0627","en_capital":"Astana","alpha_2":"KZ","alpha_3":"KAZ","phone_code":"76"},"kenya":{"name":"\u0643\u064a\u0646\u064a\u0627","en_name":"Kenya","native_name":"Kenya","capital":"\u0646\u064a\u0631\u0648\u0628\u064a","en_capital":"Nairobi","alpha_2":"KE","alpha_3":"KEN","phone_code":"254"},"kiribati":{"name":"\u0643\u064a\u0631\u064a\u0628\u0627\u0633","en_name":"Kiribati","native_name":"Kiribati","capital":"\u062c\u0646\u0648\u0628 \u062a\u0627\u0631\u0627\u0648\u0627","en_capital":"South Tarawa","alpha_2":"KI","alpha_3":"KIR","phone_code":"686"},"kuwait":{"name":"\u0627\u0644\u0643\u0648\u064a\u062a","en_name":"Kuwait","native_name":"\u0627\u0644\u0643\u0648\u064a\u062a","capital":"\u0645\u062f\u064a\u0646\u0629 \u0627\u0644\u0643\u0648\u064a\u062a","en_capital":"Kuwait City","alpha_2":"KW","alpha_3":"KWT","phone_code":"965"},"kyrgyzstan":{"name":"\u0642\u064a\u0631\u063a\u064a\u0632\u0633\u062a\u0627\u0646","en_name":"Kyrgyzstan","native_name":"\u041a\u044b\u0440\u0433\u044b\u0437\u0441\u0442\u0430\u043d","capital":"\u0628\u064a\u0634\u0643\u064a\u0643","en_capital":"Bishkek","alpha_2":"KG","alpha_3":"KGZ","phone_code":"996"},"laos":{"name":"\u0644\u0627\u0648\u0633","en_name":"Laos","native_name":"\u0eaa\u0e9b\u0e9b\u0ea5\u0eb2\u0ea7","capital":"\u0641\u064a\u0646\u062a\u064a\u0627\u0646","en_capital":"Vientiane","alpha_2":"LA","alpha_3":"LAO","phone_code":"856"},"latvia":{"name":"\u0644\u0627\u062a\u0641\u064a\u0627","en_name":"Latvia","native_name":"Latvija","capital":"\u0631\u064a\u063a\u0627","en_capital":"Riga","alpha_2":"LV","alpha_3":"LVA","phone_code":"371"},"lebanon":{"name":"\u0644\u0628\u0646\u0627\u0646","en_name":"Lebanon","native_name":"\u0644\u0628\u0646\u0627\u0646","capital":"\u0628\u064a\u0631\u0648\u062a","en_capital":"Beirut","alpha_2":"LB","alpha_3":"LBN","phone_code":"961"},"lesotho":{"name":"\u0644\u064a\u0633\u0648\u062a\u0648","en_name":"Lesotho","native_name":"Lesotho","capital":"\u0645\u0627\u0633\u064a\u0631\u0648","en_capital":"Maseru","alpha_2":"LS","alpha_3":"LSO","phone_code":"266"},"liberia":{"name":"\u0644\u064a\u0628\u0631\u064a\u0627","en_name":"Liberia","native_name":"Liberia","capital":"\u0645\u0648\u0646\u0631\u0648\u0641\u064a\u0627","en_capital":"Monrovia","alpha_2":"LR","alpha_3":"LBR","phone_code":"231"},"libya":{"name":"\u0644\u064a\u0628\u064a\u0627","en_name":"Libya","native_name":"\u200f\u0644\u064a\u0628\u064a\u0627","capital":"\u0637\u0631\u0627\u0628\u0644\u0633","en_capital":"Tripoli","alpha_2":"LY","alpha_3":"LBY","phone_code":"218"},"liechtenstein":{"name":"\u0644\u064a\u062e\u062a\u0646\u0634\u062a\u0627\u064a\u0646","en_name":"Liechtenstein","native_name":"Liechtenstein","capital":"\u0641\u0627\u062f\u0648\u0632","en_capital":"Vaduz","alpha_2":"LI","alpha_3":"LIE","phone_code":"423"},"lithuania":{"name":"\u0644\u064a\u062a\u0648\u0627\u0646\u064a\u0627","en_name":"Lithuania","native_name":"Lietuva","capital":"\u0641\u064a\u0644\u0646\u064a\u0648\u0633","en_capital":"Vilnius","alpha_2":"LT","alpha_3":"LTU","phone_code":"370"},"luxembourg":{"name":"\u0644\u0643\u0633\u0645\u0628\u0631\u063a","en_name":"Luxembourg","native_name":"Luxembourg","capital":"\u0644\u0643\u0633\u0645\u0628\u0631\u063a","en_capital":"Luxembourg","alpha_2":"LU","alpha_3":"LUX","phone_code":"352"},"republicofmacedonia":{"name":"\u062c\u0645\u0647\u0648\u0631\u064a\u0629 \u0645\u0642\u062f\u0648\u0646\u064a\u0627","en_name":"Republic of Macedonia","native_name":"\u041c\u0430\u043a\u0435\u0434\u043e\u043d\u0438\u0458\u0430","capital":"\u0633\u0643\u0648\u0628\u064a","en_capital":"Skopje","alpha_2":"MK","alpha_3":"MKD","phone_code":"389"},"madagascar":{"name":"\u0645\u062f\u063a\u0634\u0642\u0631","en_name":"Madagascar","native_name":"Madagasikara","capital":"\u0623\u0646\u062a\u0627\u0646\u0627\u0646\u0627\u0631\u064a\u0641\u0648","en_capital":"Antananarivo","alpha_2":"MG","alpha_3":"MDG","phone_code":"261"},"malawi":{"name":"\u0645\u0644\u0627\u0648\u064a","en_name":"Malawi","native_name":"Malawi","capital":"\u0644\u064a\u0644\u0648\u0646\u063a\u0648\u064a","en_capital":"Lilongwe","alpha_2":"MW","alpha_3":"MWI","phone_code":"265"},"malaysia":{"name":"\u0645\u0627\u0644\u064a\u0632\u064a\u0627","en_name":"Malaysia","native_name":"Malaysia","capital":"\u0643\u0648\u0627\u0644\u0627\u0644\u0645\u0628\u0648\u0631","en_capital":"Kuala Lumpur","alpha_2":"MY","alpha_3":"MYS","phone_code":"60"},"maldives":{"name":"\u062c\u0632\u0631 \u0627\u0644\u0645\u0627\u0644\u062f\u064a\u0641","en_name":"Maldives","native_name":"Maldives","capital":"\u0645\u0627\u0644\u064a\u0647","en_capital":"Mal\u00e9","alpha_2":"MV","alpha_3":"MDV","phone_code":"960"},"mali":{"name":"\u0645\u0627\u0644\u064a","en_name":"Mali","native_name":"Mali","capital":"\u0628\u0627\u0645\u0627\u0643\u0648","en_capital":"Bamako","alpha_2":"ML","alpha_3":"MLI","phone_code":"223"},"malta":{"name":"\u0645\u0627\u0644\u0637\u0629","en_name":"Malta","native_name":"Malta","capital":"\u0641\u0627\u0644\u064a\u062a\u0627","en_capital":"Valletta","alpha_2":"MT","alpha_3":"MLT","phone_code":"356"},"marshallislands":{"name":"\u062c\u0632\u0631 \u0645\u0627\u0631\u0634\u0627\u0644","en_name":"Marshall Islands","native_name":"M\u0327aje\u013c","capital":"\u0645\u0627\u062c\u0648\u0631\u0648","en_capital":"Majuro","alpha_2":"MH","alpha_3":"MHL","phone_code":"692"},"martinique":{"name":"\u0645\u0627\u0631\u062a\u064a\u0646\u064a\u0643","en_name":"Martinique","native_name":"Martinique","capital":"Fort-de-France","en_capital":"Fort-de-France","alpha_2":"MQ","alpha_3":"MTQ","phone_code":"596"},"mauritania":{"name":"\u0645\u0648\u0631\u064a\u062a\u0627\u0646\u064a\u0627","en_name":"Mauritania","native_name":"\u0645\u0648\u0631\u064a\u062a\u0627\u0646\u064a\u0627","capital":"\u0646\u0648\u0627\u0643\u0634\u0648\u0637","en_capital":"Nouakchott","alpha_2":"MR","alpha_3":"MRT","phone_code":"222"},"mauritius":{"name":"\u0645\u0648\u0631\u064a\u0634\u064a\u0648\u0633","en_name":"Mauritius","native_name":"Maurice","capital":"\u0628\u0648\u0631\u062a \u0644\u0648\u064a\u0633","en_capital":"Port Louis","alpha_2":"MU","alpha_3":"MUS","phone_code":"230"},"mayotte":{"name":"\u0645\u0627\u064a\u0648\u062a","en_name":"Mayotte","native_name":"Mayotte","capital":"\u0645\u0627\u0645\u0648\u062f\u0632\u0648","en_capital":"Mamoudzou","alpha_2":"YT","alpha_3":"MYT","phone_code":"262"},"mexico":{"name":"\u0627\u0644\u0645\u0643\u0633\u064a\u0643","en_name":"Mexico","native_name":"M\u00e9xico","capital":"\u0645\u0643\u0633\u064a\u0643\u0648 \u0633\u064a\u062a\u064a","en_capital":"Mexico City","alpha_2":"MX","alpha_3":"MEX","phone_code":"52"},"federatedstatesofmicronesia":{"name":"\u0645\u064a\u0643\u0631\u0648\u0646\u064a\u0632\u064a\u0627 (\u0648\u0644\u0627\u064a\u0627\u062a-\u0627\u0644\u0645\u0648\u062d\u062f\u0629","en_name":"Federated States of Micronesia","native_name":"Micronesia","capital":"Palikir","en_capital":"Palikir","alpha_2":"FM","alpha_3":"FSM","phone_code":"691"},"moldova":{"name":"\u0645\u0648\u0644\u062f\u0648\u0641\u0627","en_name":"Moldova","native_name":"Moldova","capital":"Chi\u0219in\u0103u","en_capital":"Chi\u0219in\u0103u","alpha_2":"MD","alpha_3":"MDA","phone_code":"373"},"monaco":{"name":"\u0645\u0648\u0646\u0627\u0643\u0648","en_name":"Monaco","native_name":"Monaco","capital":"\u0645\u0648\u0646\u0627\u0643\u0648","en_capital":"Monaco","alpha_2":"MC","alpha_3":"MCO","phone_code":"377"},"mongolia":{"name":"\u0645\u0646\u063a\u0648\u0644\u064a\u0627","en_name":"Mongolia","native_name":"\u041c\u043e\u043d\u0433\u043e\u043b \u0443\u043b\u0441","capital":"\u0623\u0648\u0644\u0627\u0646 \u0628\u0627\u062a\u0648\u0631","en_capital":"Ulan Bator","alpha_2":"MN","alpha_3":"MNG","phone_code":"976"},"montenegro":{"name":"\u0627\u0644\u0623\u0633\u0648\u062f","en_name":"Montenegro","native_name":"\u0426\u0440\u043d\u0430 \u0413\u043e\u0440\u0430","capital":"\u0628\u0648\u062f\u063a\u0648\u0631\u064a\u062a\u0633\u0627","en_capital":"Podgorica","alpha_2":"ME","alpha_3":"MNE","phone_code":"382"},"montserrat":{"name":"\u0645\u0648\u0646\u062a\u0633\u064a\u0631\u0627\u062a","en_name":"Montserrat","native_name":"Montserrat","capital":"\u0628\u0644\u064a\u0645\u0648\u062b","en_capital":"Plymouth","alpha_2":"MS","alpha_3":"MSR","phone_code":"1664"},"morocco":{"name":"\u0627\u0644\u0645\u063a\u0631\u0628","en_name":"Morocco","native_name":"\u0627\u0644\u0645\u063a\u0631\u0628","capital":"\u0627\u0644\u0631\u0628\u0627\u0637","en_capital":"Rabat","alpha_2":"MA","alpha_3":"MAR","phone_code":"212"},"mozambique":{"name":"\u0645\u0648\u0632\u0627\u0645\u0628\u064a\u0642","en_name":"Mozambique","native_name":"Mo\u00e7ambique","capital":"\u0645\u0627\u0628\u0648\u062a\u0648","en_capital":"Maputo","alpha_2":"MZ","alpha_3":"MOZ","phone_code":"258"},"myanmar":{"name":"\u0645\u064a\u0627\u0646\u0645\u0627\u0631","en_name":"Myanmar","native_name":"Myanma","capital":"\u0646\u0627\u064a\u0628\u064a\u062f\u0627\u0648","en_capital":"Naypyidaw","alpha_2":"MM","alpha_3":"MMR","phone_code":"95"},"namibia":{"name":"\u0646\u0627\u0645\u064a\u0628\u064a\u0627","en_name":"Namibia","native_name":"Namibia","capital":"\u0648\u064a\u0646\u062f\u0647\u0648\u0643","en_capital":"Windhoek","alpha_2":"NA","alpha_3":"NAM","phone_code":"264"},"nauru":{"name":"\u0646\u0627\u0648\u0631\u0648","en_name":"Nauru","native_name":"Nauru","capital":"\u064a\u0627\u0631\u0646","en_capital":"Yaren","alpha_2":"NR","alpha_3":"NRU","phone_code":"674"},"nepal":{"name":"\u0646\u064a\u0628\u0627\u0644","en_name":"Nepal","native_name":"\u0928\u092a\u0932","capital":"\u0643\u0627\u062a\u0645\u0627\u0646\u062f\u0648","en_capital":"Kathmandu","alpha_2":"NP","alpha_3":"NPL","phone_code":"977"},"netherlands":{"name":"\u0647\u0648\u0644\u0646\u062f\u0627","en_name":"Netherlands","native_name":"Nederland","capital":"\u0623\u0645\u0633\u062a\u0631\u062f\u0627\u0645","en_capital":"Amsterdam","alpha_2":"NL","alpha_3":"NLD","phone_code":"31"},"newcaledonia":{"name":"\u0643\u0627\u0644\u064a\u062f\u0648\u0646\u064a\u0627 \u0627\u0644\u062c\u062f\u064a\u062f\u0629","en_name":"New Caledonia","native_name":"Nouvelle-Cal\u00e9donie","capital":"\u0646\u0648\u0645\u064a\u0627","en_capital":"Noum\u00e9a","alpha_2":"NC","alpha_3":"NCL","phone_code":"687"},"newzealand":{"name":"\u0646\u064a\u0648\u0632\u064a\u0644\u0646\u062f\u0627","en_name":"New Zealand","native_name":"New Zealand","capital":"\u0648\u0644\u064a\u0646\u063a\u062a\u0648\u0646","en_capital":"Wellington","alpha_2":"NZ","alpha_3":"NZL","phone_code":"64"},"nicaragua":{"name":"\u0646\u064a\u0643\u0627\u0631\u0627\u063a\u0648\u0627","en_name":"Nicaragua","native_name":"Nicaragua","capital":"\u0645\u0627\u0646\u0627\u063a\u0648\u0627","en_capital":"Managua","alpha_2":"NI","alpha_3":"NIC","phone_code":"505"},"niger":{"name":"\u0627\u0644\u0646\u064a\u062c\u0631","en_name":"Niger","native_name":"Niger","capital":"\u0646\u064a\u0627\u0645\u064a","en_capital":"Niamey","alpha_2":"NE","alpha_3":"NER","phone_code":"227"},"nigeria":{"name":"\u0646\u064a\u062c\u064a\u0631\u064a\u0627","en_name":"Nigeria","native_name":"Nigeria","capital":"\u0623\u0628\u0648\u062c\u0627","en_capital":"Abuja","alpha_2":"NG","alpha_3":"NGA","phone_code":"234"},"niue":{"name":"\u0646\u064a\u0648\u064a","en_name":"Niue","native_name":"Niu\u0113","capital":"\u0627\u0644\u0639\u0648\u0641\u064a","en_capital":"Alofi","alpha_2":"NU","alpha_3":"NIU","phone_code":"683"},"norfolkisland":{"name":"\u062c\u0632\u064a\u0631\u0629 \u0646\u0648\u0631\u0641\u0648\u0644\u0643","en_name":"Norfolk Island","native_name":"Norfolk Island","capital":"\u0643\u064a\u0646\u063a\u0633\u062a\u0648\u0646","en_capital":"Kingston","alpha_2":"NF","alpha_3":"NFK","phone_code":"672"},"northkorea":{"name":"\u0643\u0648\u0631\u064a\u0627 \u0627\u0644\u0634\u0645\u0627\u0644\u064a\u0629","en_name":"North Korea","native_name":"\ubd81\ud55c","capital":"\u0628\u064a\u0648\u0646\u063a \u064a\u0627\u0646\u063a","en_capital":"Pyongyang","alpha_2":"KP","alpha_3":"PRK","phone_code":"850"},"northernmarianaislands":{"name":"\u062c\u0632\u0631 \u0645\u0627\u0631\u064a\u0627\u0646\u0627 \u0627\u0644\u0634\u0645\u0627\u0644\u064a\u0629","en_name":"Northern Mariana Islands","native_name":"Northern Mariana Islands","capital":"\u0633\u0627\u064a\u0628\u0627\u0646","en_capital":"Saipan","alpha_2":"MP","alpha_3":"MNP","phone_code":"1670"},"norway":{"name":"\u0627\u0644\u0646\u0631\u0648\u064a\u062c","en_name":"Norway","native_name":"Norge","capital":"\u0623\u0648\u0633\u0644\u0648","en_capital":"Oslo","alpha_2":"NO","alpha_3":"NOR","phone_code":"47"},"oman":{"name":"\u0639\u0645\u0627\u0646","en_name":"Oman","native_name":"\u0639\u0645\u0627\u0646","capital":"\u0645\u0633\u0642\u0637","en_capital":"Muscat","alpha_2":"OM","alpha_3":"OMN","phone_code":"968"},"pakistan":{"name":"\u0628\u0627\u0643\u0633\u062a\u0627\u0646","en_name":"Pakistan","native_name":"Pakistan","capital":"\u0625\u0633\u0644\u0627\u0645 \u0623\u0628\u0627\u062f","en_capital":"Islamabad","alpha_2":"PK","alpha_3":"PAK","phone_code":"92"},"palau":{"name":"\u0628\u0627\u0644\u0627\u0648","en_name":"Palau","native_name":"Palau","capital":"Ngerulmud","en_capital":"Ngerulmud","alpha_2":"PW","alpha_3":"PLW","phone_code":"680"},"palestine":{"name":"\u0641\u0644\u0633\u0637\u064a\u0646","en_name":"Palestine","native_name":"\u0641\u0644\u0633\u0637\u064a\u0646","capital":"\u0627\u0644\u0642\u062f\u0633","en_capital":"Jerusalem","alpha_2":"PS","alpha_3":"PSE","phone_code":"970"},"panama":{"name":"\u0628\u0646\u0645\u0627","en_name":"Panama","native_name":"Panam\u00e1","capital":"\u0645\u062f\u064a\u0646\u0629 \u0628\u0646\u0645\u0627","en_capital":"Panama City","alpha_2":"PA","alpha_3":"PAN","phone_code":"507"},"papuanewguinea":{"name":"\u0628\u0627\u0628\u0648\u0627 \u063a\u064a\u0646\u064a\u0627 \u0627\u0644\u062c\u062f\u064a\u062f\u0629","en_name":"Papua New Guinea","native_name":"Papua Niugini","capital":"\u0628\u0648\u0631\u062a \u0645\u0648\u0631\u0633\u0628\u064a","en_capital":"Port Moresby","alpha_2":"PG","alpha_3":"PNG","phone_code":"675"},"paraguay":{"name":"\u0628\u0627\u0631\u0627\u063a\u0648\u0627\u064a","en_name":"Paraguay","native_name":"Paraguay","capital":"\u0623\u0633\u0648\u0646\u0633\u064a\u0648\u0646","en_capital":"Asunci\u00f3n","alpha_2":"PY","alpha_3":"PRY","phone_code":"595"},"peru":{"name":"\u0628\u064a\u0631\u0648","en_name":"Peru","native_name":"Per\u00fa","capital":"\u0644\u064a\u0645\u0627","en_capital":"Lima","alpha_2":"PE","alpha_3":"PER","phone_code":"51"},"philippines":{"name":"\u0627\u0644\u0641\u0644\u0628\u064a\u0646","en_name":"Philippines","native_name":"Pilipinas","capital":"\u0645\u0627\u0646\u064a\u0644\u0627","en_capital":"Manila","alpha_2":"PH","alpha_3":"PHL","phone_code":"63"},"pitcairnislands":{"name":"\u062c\u0632\u0631 \u0628\u064a\u062a\u0643\u064a\u0631\u0646","en_name":"Pitcairn Islands","native_name":"Pitcairn Islands","capital":"\u0622\u062f\u0645\u0632\u062a\u0627\u0648\u0646","en_capital":"Adamstown","alpha_2":"PN","alpha_3":"PCN","phone_code":"64"},"poland":{"name":"\u0628\u0648\u0644\u0646\u062f\u0627","en_name":"Poland","native_name":"Polska","capital":"\u0648\u0627\u0631\u0633\u0648","en_capital":"Warsaw","alpha_2":"PL","alpha_3":"POL","phone_code":"48"},"portugal":{"name":"\u0627\u0644\u0628\u0631\u062a\u063a\u0627\u0644","en_name":"Portugal","native_name":"Portugal","capital":"\u0644\u0634\u0628\u0648\u0646\u0629","en_capital":"Lisbon","alpha_2":"PT","alpha_3":"PRT","phone_code":"351"},"puertorico":{"name":"\u0628\u0648\u0631\u062a\u0648\u0631\u064a\u0643\u0648","en_name":"Puerto Rico","native_name":"Puerto Rico","capital":"\u0633\u0627\u0646 \u062e\u0648\u0627\u0646","en_capital":"San Juan","alpha_2":"PR","alpha_3":"PRI","phone_code":"1787"},"qatar":{"name":"\u0642\u0637\u0631","en_name":"Qatar","native_name":"\u0642\u0637\u0631","capital":"\u0627\u0644\u062f\u0648\u062d\u0629","en_capital":"Doha","alpha_2":"QA","alpha_3":"QAT","phone_code":"974"},"republicofkosovo":{"name":"\u062c\u0645\u0647\u0648\u0631\u064a\u0629 \u0643\u0648\u0633\u0648\u0641\u0648","en_name":"Republic of Kosovo","native_name":"Republika e Kosov\u00ebs","capital":"\u0628\u0631\u064a\u0634\u062a\u064a\u0646\u0627","en_capital":"Pristina","alpha_2":"XK","alpha_3":"KOS","phone_code":"383"},"r\u00e9union":{"name":"\u0631\u064a\u0648\u0646\u064a\u0648\u0646","en_name":"R\u00e9union","native_name":"La R\u00e9union","capital":"Saint-Denis","en_capital":"Saint-Denis","alpha_2":"RE","alpha_3":"REU","phone_code":"262"},"romania":{"name":"\u0631\u0648\u0645\u0627\u0646\u064a\u0627","en_name":"Romania","native_name":"Rom\u00e2nia","capital":"\u0628\u0648\u062e\u0627\u0631\u0633\u062a","en_capital":"Bucharest","alpha_2":"RO","alpha_3":"ROU","phone_code":"40"},"russia":{"name":"\u0631\u0648\u0633\u064a\u0627","en_name":"Russia","native_name":"\u0420\u043e\u0441\u0441\u0438\u044f","capital":"\u0645\u0648\u0633\u0643\u0648","en_capital":"Moscow","alpha_2":"RU","alpha_3":"RUS","phone_code":"7"},"rwanda":{"name":"\u0631\u0648\u0627\u0646\u062f\u0627","en_name":"Rwanda","native_name":"Rwanda","capital":"\u0643\u064a\u063a\u0627\u0644\u064a","en_capital":"Kigali","alpha_2":"RW","alpha_3":"RWA","phone_code":"250"},"saintbarth\u00e9lemy":{"name":"\u0633\u0627\u0646\u062a \u0628\u0627\u0631\u062a\u064a\u0644\u064a\u0645\u064a","en_name":"Saint Barth\u00e9lemy","native_name":"Saint-Barth\u00e9lemy","capital":"\u062c\u0648\u0633\u062a\u0627\u0641\u064a\u0627","en_capital":"Gustavia","alpha_2":"BL","alpha_3":"BLM","phone_code":"590"},"saintkittsandnevis":{"name":"\u0633\u0627\u0646\u062a \u0643\u064a\u062a\u0633 \u0648\u0646\u064a\u0641\u064a\u0633","en_name":"Saint Kitts and Nevis","native_name":"Saint Kitts and Nevis","capital":"\u0628\u0627\u0633\u062a\u064a\u0631","en_capital":"Basseterre","alpha_2":"KN","alpha_3":"KNA","phone_code":"1869"},"saintlucia":{"name":"\u0633\u0627\u0646\u062a \u0644\u0648\u0633\u064a\u0627","en_name":"Saint Lucia","native_name":"Saint Lucia","capital":"\u0643\u0627\u0633\u062a\u0631\u064a\u0633","en_capital":"Castries","alpha_2":"LC","alpha_3":"LCA","phone_code":"1758"},"saintmartin":{"name":"\u0633\u0627\u0646\u062a \u0645\u0627\u0631\u062a\u0646","en_name":"Saint Martin","native_name":"Saint-Martin","capital":"\u0645\u0627\u0631\u064a\u063a\u0648\u062a","en_capital":"Marigot","alpha_2":"MF","alpha_3":"MAF","phone_code":"590"},"saintpierreandmiquelon":{"name":"\u0633\u0627\u0646\u062a \u0628\u064a\u064a\u0631 \u0648\u0645\u064a\u0643\u0644\u0648\u0646","en_name":"Saint Pierre and Miquelon","native_name":"Saint-Pierre-et-Miquelon","capital":"Saint-Pierre","en_capital":"Saint-Pierre","alpha_2":"PM","alpha_3":"SPM","phone_code":"508"},"saintvincentandthegrenadines":{"name":"\u0633\u0627\u0646\u062a \u0641\u0646\u0633\u0646\u062a \u0648\u062c\u0632\u0631 \u063a\u0631\u064a\u0646\u0627\u062f\u064a\u0646","en_name":"Saint Vincent and the Grenadines","native_name":"Saint Vincent and the Grenadines","capital":"\u0643\u064a\u0646\u063a\u0633\u062a\u0627\u0648\u0646","en_capital":"Kingstown","alpha_2":"VC","alpha_3":"VCT","phone_code":"1784"},"samoa":{"name":"\u0633\u0627\u0645\u0648\u0627","en_name":"Samoa","native_name":"Samoa","capital":"\u0622\u0628\u064a\u0627","en_capital":"Apia","alpha_2":"WS","alpha_3":"WSM","phone_code":"685"},"sanmarino":{"name":"\u0633\u0627\u0646 \u0645\u0627\u0631\u064a\u0646\u0648","en_name":"San Marino","native_name":"San Marino","capital":"\u0645\u062f\u064a\u0646\u0629 \u0633\u0627\u0646 \u0645\u0627\u0631\u064a\u0646\u0648","en_capital":"City of San Marino","alpha_2":"SM","alpha_3":"SMR","phone_code":"378"},"s\u00e3otom\u00e9andpr\u00edncipe":{"name":"\u0633\u0627\u0648 \u062a\u0648\u0645\u064a \u0648\u0628\u0631\u064a\u0646\u0633\u064a\u0628\u064a","en_name":"S\u00e3o Tom\u00e9 and Pr\u00edncipe","native_name":"S\u00e3o Tom\u00e9 e Pr\u00edncipe","capital":"\u0633\u0627\u0648 \u062a\u0648\u0645\u064a","en_capital":"S\u00e3o Tom\u00e9","alpha_2":"ST","alpha_3":"STP","phone_code":"239"},"saudiarabia":{"name":"\u0627\u0644\u0645\u0645\u0644\u0643\u0629 \u0627\u0644\u0639\u0631\u0628\u064a\u0629 \u0627\u0644\u0633\u0639\u0648\u062f\u064a\u0629","en_name":"Saudi Arabia","native_name":"\u0627\u0644\u0639\u0631\u0628\u064a\u0629 \u0627\u0644\u0633\u0639\u0648\u062f\u064a\u0629","capital":"\u0627\u0644\u0631\u064a\u0627\u0636","en_capital":"Riyadh","alpha_2":"SA","alpha_3":"SAU","phone_code":"966"},"senegal":{"name":"\u0627\u0644\u0633\u0646\u063a\u0627\u0644","en_name":"Senegal","native_name":"S\u00e9n\u00e9gal","capital":"\u062f\u0627\u0643\u0627\u0631","en_capital":"Dakar","alpha_2":"SN","alpha_3":"SEN","phone_code":"221"},"serbia":{"name":"\u0635\u0631\u0628\u064a\u0627","en_name":"Serbia","native_name":"\u0421\u0440\u0431\u0438\u0458\u0430","capital":"\u0628\u0644\u063a\u0631\u0627\u062f","en_capital":"Belgrade","alpha_2":"RS","alpha_3":"SRB","phone_code":"381"},"seychelles":{"name":"\u0633\u064a\u0634\u064a\u0644","en_name":"Seychelles","native_name":"Seychelles","capital":"\u0641\u064a\u0643\u062a\u0648\u0631\u064a\u0627","en_capital":"Victoria","alpha_2":"SC","alpha_3":"SYC","phone_code":"248"},"sierraleone":{"name":"\u0633\u064a\u0631\u0627\u0644\u064a\u0648\u0646","en_name":"Sierra Leone","native_name":"Sierra Leone","capital":"\u0641\u0631\u064a\u062a\u0627\u0648\u0646","en_capital":"Freetown","alpha_2":"SL","alpha_3":"SLE","phone_code":"232"},"singapore":{"name":"\u0633\u0646\u063a\u0627\u0641\u0648\u0631\u0629","en_name":"Singapore","native_name":"Singapore","capital":"\u0633\u0646\u063a\u0627\u0641\u0648\u0631\u0629","en_capital":"Singapore","alpha_2":"SG","alpha_3":"SGP","phone_code":"65"},"sintmaarten":{"name":"\u0633\u0627\u0646 \u0645\u0627\u0631\u062a\u0646","en_name":"Sint Maarten","native_name":"Sint Maarten","capital":"\u0641\u0644\u0633\u0628\u0631\u063a","en_capital":"Philipsburg","alpha_2":"SX","alpha_3":"SXM","phone_code":"1721"},"slovakia":{"name":"\u0633\u0644\u0648\u0641\u0627\u0643\u064a\u0627","en_name":"Slovakia","native_name":"Slovensko","capital":"\u0628\u0631\u0627\u062a\u064a\u0633\u0644\u0627\u0641\u0627","en_capital":"Bratislava","alpha_2":"SK","alpha_3":"SVK","phone_code":"421"},"slovenia":{"name":"\u0633\u0644\u0648\u0641\u064a\u0646\u064a\u0627","en_name":"Slovenia","native_name":"Slovenija","capital":"\u0644\u064a\u0648\u0628\u0644\u064a\u0627\u0646\u0627","en_capital":"Ljubljana","alpha_2":"SI","alpha_3":"SVN","phone_code":"386"},"solomonislands":{"name":"\u062c\u0632\u0631 \u0633\u0644\u064a\u0645\u0627\u0646","en_name":"Solomon Islands","native_name":"Solomon Islands","capital":"\u0647\u0648\u0646\u064a\u0627\u0631\u0627","en_capital":"Honiara","alpha_2":"SB","alpha_3":"SLB","phone_code":"677"},"somalia":{"name":"\u0627\u0644\u0635\u0648\u0645\u0627\u0644","en_name":"Somalia","native_name":"Soomaaliya","capital":"\u0645\u0642\u062f\u064a\u0634\u0648","en_capital":"Mogadishu","alpha_2":"SO","alpha_3":"SOM","phone_code":"252"},"southafrica":{"name":"\u062c\u0646\u0648\u0628 \u0623\u0641\u0631\u064a\u0642\u064a\u0627","en_name":"South Africa","native_name":"South Africa","capital":"\u0628\u0631\u064a\u062a\u0648\u0631\u064a\u0627","en_capital":"Pretoria","alpha_2":"ZA","alpha_3":"ZAF","phone_code":"27"},"southgeorgia":{"name":"\u062c\u0648\u0631\u062c\u064a\u0627 \u0627\u0644\u062c\u0646\u0648\u0628\u064a\u0629","en_name":"South Georgia","native_name":"South Georgia","capital":"\u0627\u0644\u0645\u0644\u0643 \u0625\u062f\u0648\u0627\u0631\u062f \u0646\u0642\u0637\u0629","en_capital":"King Edward Point","alpha_2":"GS","alpha_3":"SGS","phone_code":"500"},"southkorea":{"name":"\u0643\u0648\u0631\u064a\u0627 \u0627\u0644\u062c\u0646\u0648\u0628\u064a\u0629","en_name":"South Korea","native_name":"\ub300\ud55c\ubbfc\uad6d","capital":"\u0633\u064a\u0648\u0644","en_capital":"Seoul","alpha_2":"KR","alpha_3":"KOR","phone_code":"82"},"southsudan":{"name":"\u062c\u0646\u0648\u0628 \u0627\u0644\u0633\u0648\u062f\u0627\u0646","en_name":"South Sudan","native_name":"South Sudan","capital":"\u062c\u0648\u0628\u0627","en_capital":"Juba","alpha_2":"SS","alpha_3":"SSD","phone_code":"211"},"spain":{"name":"\u0625\u0633\u0628\u0627\u0646\u064a\u0627","en_name":"Spain","native_name":"Espa\u00f1a","capital":"\u0645\u062f\u0631\u064a\u062f","en_capital":"Madrid","alpha_2":"ES","alpha_3":"ESP","phone_code":"34"},"srilanka":{"name":"\u0633\u0631\u064a \u0644\u0627\u0646\u0643\u0627","en_name":"Sri Lanka","native_name":"\u015br\u012b la\u1e43k\u0101va","capital":"\u0643\u0648\u0644\u0648\u0645\u0628\u0648","en_capital":"Colombo","alpha_2":"LK","alpha_3":"LKA","phone_code":"94"},"sudan":{"name":"\u0627\u0644\u0633\u0648\u062f\u0627\u0646","en_name":"Sudan","native_name":"\u0627\u0644\u0633\u0648\u062f\u0627\u0646","capital":"\u0627\u0644\u062e\u0631\u0637\u0648\u0645","en_capital":"Khartoum","alpha_2":"SD","alpha_3":"SDN","phone_code":"249"},"suriname":{"name":"\u0633\u0648\u0631\u064a\u0646\u0627\u0645","en_name":"Suriname","native_name":"Suriname","capital":"\u0628\u0627\u0631\u0627\u0645\u0627\u0631\u064a\u0628\u0648","en_capital":"Paramaribo","alpha_2":"SR","alpha_3":"SUR","phone_code":"597"},"svalbardandjanmayen":{"name":"\u0633\u0641\u0627\u0644\u0628\u0627\u0631\u062f \u0648\u062c\u0627\u0646 \u0645\u0627\u064a\u0627\u0646","en_name":"Svalbard and Jan Mayen","native_name":"Svalbard og Jan Mayen","capital":"\u0644\u0648\u0646\u062c\u064a\u064a\u0631\u0628\u0646","en_capital":"Longyearbyen","alpha_2":"SJ","alpha_3":"SJM","phone_code":"4779"},"swaziland":{"name":"\u0633\u0648\u0627\u0632\u064a\u0644\u0646\u062f","en_name":"Swaziland","native_name":"Swaziland","capital":"Lobamba","en_capital":"Lobamba","alpha_2":"SZ","alpha_3":"SWZ","phone_code":"268"},"sweden":{"name":"\u0627\u0644\u0633\u0648\u064a\u062f","en_name":"Sweden","native_name":"Sverige","capital":"\u0633\u062a\u0648\u0643\u0647\u0648\u0644\u0645","en_capital":"Stockholm","alpha_2":"SE","alpha_3":"SWE","phone_code":"46"},"switzerland":{"name":"\u0633\u0648\u064a\u0633\u0631\u0627","en_name":"Switzerland","native_name":"Schweiz","capital":"\u0628\u0631\u0646","en_capital":"Bern","alpha_2":"CH","alpha_3":"CHE","phone_code":"41"},"syria":{"name":"\u0633\u0648\u0631\u064a\u0627","en_name":"Syria","native_name":"\u0633\u0648\u0631\u064a\u0627","capital":"\u062f\u0645\u0634\u0642","en_capital":"Damascus","alpha_2":"SY","alpha_3":"SYR","phone_code":"963"},"taiwan":{"name":"\u062a\u0627\u064a\u0648\u0627\u0646","en_name":"Taiwan","native_name":"\u81fa\u7063","capital":"\u062a\u0627\u064a\u0628\u064a\u0647","en_capital":"Taipei","alpha_2":"TW","alpha_3":"TWN","phone_code":"886"},"tajikistan":{"name":"\u0637\u0627\u062c\u064a\u0643\u0633\u062a\u0627\u0646","en_name":"Tajikistan","native_name":"\u0422\u043e\u04b7\u0438\u043a\u0438\u0441\u0442\u043e\u043d","capital":"\u062f\u0648\u0634\u0627\u0646\u0628\u064a","en_capital":"Dushanbe","alpha_2":"TJ","alpha_3":"TJK","phone_code":"992"},"tanzania":{"name":"\u062a\u0646\u0632\u0627\u0646\u064a\u0627","en_name":"Tanzania","native_name":"Tanzania","capital":"\u062f\u0648\u062f\u0648\u0645\u0627","en_capital":"Dodoma","alpha_2":"TZ","alpha_3":"TZA","phone_code":"255"},"thailand":{"name":"\u062a\u0627\u064a\u0644\u0646\u062f","en_name":"Thailand","native_name":"\u0e1b\u0e23\u0e30\u0e40\u0e17\u0e28\u0e44\u0e17\u0e22","capital":"\u0628\u0627\u0646\u0643\u0648\u0643","en_capital":"Bangkok","alpha_2":"TH","alpha_3":"THA","phone_code":"66"},"easttimor":{"name":"\u062a\u064a\u0645\u0648\u0631 \u0627\u0644\u0634\u0631\u0642\u064a\u0629","en_name":"East Timor","native_name":"Timor-Leste","capital":"\u062f\u064a\u0644\u064a","en_capital":"Dili","alpha_2":"TL","alpha_3":"TLS","phone_code":"670"},"togo":{"name":"\u062a\u0648\u063a\u0648","en_name":"Togo","native_name":"Togo","capital":"\u0644\u0648\u0645\u064a","en_capital":"Lom\u00e9","alpha_2":"TG","alpha_3":"TGO","phone_code":"228"},"tokelau":{"name":"\u062a\u0648\u0643\u064a\u0644\u0627\u0648","en_name":"Tokelau","native_name":"Tokelau","capital":"\u0641\u0627\u0643\u0627\u0648\u0641\u0648","en_capital":"Fakaofo","alpha_2":"TK","alpha_3":"TKL","phone_code":"690"},"tonga":{"name":"\u062a\u0648\u0646\u063a\u0627","en_name":"Tonga","native_name":"Tonga","capital":"Nuku'alofa","en_capital":"Nuku'alofa","alpha_2":"TO","alpha_3":"TON","phone_code":"676"},"trinidadandtobago":{"name":"\u062a\u0631\u064a\u0646\u064a\u062f\u0627\u062f \u0648\u062a\u0648\u0628\u0627\u063a\u0648","en_name":"Trinidad and Tobago","native_name":"Trinidad and Tobago","capital":"\u0645\u064a\u0646\u0627\u0621 \u0623\u0633\u0628\u0627\u0646\u064a\u0627","en_capital":"Port of Spain","alpha_2":"TT","alpha_3":"TTO","phone_code":"1868"},"tunisia":{"name":"\u062a\u0648\u0646\u0633","en_name":"Tunisia","native_name":"\u062a\u0648\u0646\u0633","capital":"\u062a\u0648\u0646\u0633","en_capital":"Tunis","alpha_2":"TN","alpha_3":"TUN","phone_code":"216"},"turkey":{"name":"\u062a\u0631\u0643\u064a\u0627","en_name":"Turkey","native_name":"T\u00fcrkiye","capital":"\u0623\u0646\u0642\u0631\u0629","en_capital":"Ankara","alpha_2":"TR","alpha_3":"TUR","phone_code":"90"},"turkmenistan":{"name":"\u062a\u0631\u0643\u0645\u0627\u0646\u0633\u062a\u0627\u0646","en_name":"Turkmenistan","native_name":"T\u00fcrkmenistan","capital":"\u0639\u0634\u0642 \u0623\u0628\u0627\u062f","en_capital":"Ashgabat","alpha_2":"TM","alpha_3":"TKM","phone_code":"993"},"turksandcaicosislands":{"name":"\u062c\u0632\u0631 \u062a\u0631\u0643\u0633 \u0648\u0643\u0627\u064a\u0643\u0648\u0633","en_name":"Turks and Caicos Islands","native_name":"Turks and Caicos Islands","capital":"\u0643\u0648\u0643\u0628\u0631\u0646 \u062a\u0627\u0648\u0646","en_capital":"Cockburn Town","alpha_2":"TC","alpha_3":"TCA","phone_code":"1649"},"tuvalu":{"name":"\u062a\u0648\u0641\u0627\u0644\u0648","en_name":"Tuvalu","native_name":"Tuvalu","capital":"\u0641\u0648\u0646\u0627\u0641\u0648\u062a\u064a","en_capital":"Funafuti","alpha_2":"TV","alpha_3":"TUV","phone_code":"688"},"uganda":{"name":"\u0623\u0648\u063a\u0646\u062f\u0627","en_name":"Uganda","native_name":"Uganda","capital":"\u0643\u0645\u0628\u0627\u0644\u0627","en_capital":"Kampala","alpha_2":"UG","alpha_3":"UGA","phone_code":"256"},"ukraine":{"name":"\u0623\u0648\u0643\u0631\u0627\u0646\u064a\u0627","en_name":"Ukraine","native_name":"\u0423\u043a\u0440\u0430\u0457\u043d\u0430","capital":"\u0643\u064a\u064a\u0641","en_capital":"Kiev","alpha_2":"UA","alpha_3":"UKR","phone_code":"380"},"unitedarabemirates":{"name":"\u0627\u0644\u0625\u0645\u0627\u0631\u0627\u062a \u0627\u0644\u0639\u0631\u0628\u064a\u0629 \u0627\u0644\u0645\u062a\u062d\u062f\u0629","en_name":"United Arab Emirates","native_name":"\u062f\u0648\u0644\u0629 \u0627\u0644\u0625\u0645\u0627\u0631\u0627\u062a \u0627\u0644\u0639\u0631\u0628\u064a\u0629 \u0627\u0644\u0645\u062a\u062d\u062f\u0629","capital":"\u0623\u0628\u0648 \u0638\u0628\u064a","en_capital":"Abu Dhabi","alpha_2":"AE","alpha_3":"ARE","phone_code":"971"},"unitedkingdom":{"name":"\u0627\u0644\u0645\u0645\u0644\u0643\u0629 \u0627\u0644\u0645\u062a\u062d\u062f\u0629","en_name":"United Kingdom","native_name":"United Kingdom","capital":"\u0644\u0646\u062f\u0646","en_capital":"London","alpha_2":"GB","alpha_3":"GBR","phone_code":"44"},"unitedstates":{"name":"\u0627\u0644\u0648\u0644\u0627\u064a\u0627\u062a \u0627\u0644\u0645\u062a\u062d\u062f\u0629","en_name":"United States","native_name":"United States","capital":"\u0648\u0627\u0634\u0646\u0637\u0646 \u0627\u0644\u0639\u0627\u0635\u0645\u0629","en_capital":"Washington D.C.","alpha_2":"US","alpha_3":"USA","phone_code":"1"},"uruguay":{"name":"\u0623\u0648\u0631\u0648\u063a\u0648\u0627\u064a","en_name":"Uruguay","native_name":"Uruguay","capital":"\u0645\u0648\u0646\u062a\u064a\u0641\u064a\u062f\u064a\u0648","en_capital":"Montevideo","alpha_2":"UY","alpha_3":"URY","phone_code":"598"},"uzbekistan":{"name":"\u0623\u0648\u0632\u0628\u0643\u0633\u062a\u0627\u0646","en_name":"Uzbekistan","native_name":"O\u2018zbekiston","capital":"\u0637\u0634\u0642\u0646\u062f","en_capital":"Tashkent","alpha_2":"UZ","alpha_3":"UZB","phone_code":"998"},"vanuatu":{"name":"\u0641\u0627\u0646\u0648\u0627\u062a\u0648","en_name":"Vanuatu","native_name":"Vanuatu","capital":"\u0628\u0648\u0631\u062a \u0641\u064a\u0644\u0627","en_capital":"Port Vila","alpha_2":"VU","alpha_3":"VUT","phone_code":"678"},"venezuela":{"name":"\u0641\u0646\u0632\u0648\u064a\u0644\u0627","en_name":"Venezuela","native_name":"Venezuela","capital":"\u0643\u0627\u0631\u0627\u0643\u0627\u0633","en_capital":"Caracas","alpha_2":"VE","alpha_3":"VEN","phone_code":"58"},"vietnam":{"name":"\u0641\u064a\u062a\u0646\u0627\u0645","en_name":"Vietnam","native_name":"Vi\u1ec7t Nam","capital":"\u0647\u0627\u0646\u0648\u064a","en_capital":"Hanoi","alpha_2":"VN","alpha_3":"VNM","phone_code":"84"},"wallisandfutuna":{"name":"\u0648\u0627\u0644\u064a\u0633 \u0648\u0641\u0648\u062a\u0648\u0646\u0627","en_name":"Wallis and Futuna","native_name":"Wallis et Futuna","capital":"\u0645\u0627\u062a\u0627\u064a\u0648\u062a\u0648","en_capital":"Mata-Utu","alpha_2":"WF","alpha_3":"WLF","phone_code":"681"},"westernsahara":{"name":"\u0627\u0644\u0635\u062d\u0631\u0627\u0621 \u0627\u0644\u063a\u0631\u0628\u064a\u0629","en_name":"Western Sahara","native_name":"\u0627\u0644\u0635\u062d\u0631\u0627\u0621 \u0627\u0644\u063a\u0631\u0628\u064a\u0629","capital":"\u0627\u0644\u0639\u064a\u0648\u0646","en_capital":"El Aai\u00fan","alpha_2":"EH","alpha_3":"ESH","phone_code":"212"},"yemen":{"name":"\u0627\u0644\u064a\u0645\u0646","en_name":"Yemen","native_name":"\u0627\u0644\u064a\u064e\u0645\u064e\u0646","capital":"\u0635\u0646\u0639\u0627\u0621","en_capital":"Sana'a","alpha_2":"YE","alpha_3":"YEM","phone_code":"967"},"zambia":{"name":"\u0632\u0627\u0645\u0628\u064a\u0627","en_name":"Zambia","native_name":"Zambia","capital":"\u0644\u0648\u0633\u0627\u0643\u0627","en_capital":"Lusaka","alpha_2":"ZM","alpha_3":"ZMB","phone_code":"260"},"zimbabwe":{"name":"\u0632\u0645\u0628\u0627\u0628\u0648\u064a","en_name":"Zimbabwe","native_name":"Zimbabwe","capital":"\u0647\u0631\u0627\u0631\u064a","en_capital":"Harare","alpha_2":"ZW","alpha_3":"ZWE","phone_code":"263"}}